ds,trend,yhat_lower,yhat_upper,trend_lower,trend_upper,additive_terms,additive_terms_lower,additive_terms_upper,weekly,weekly_lower,weekly_upper,yearly,yearly_lower,yearly_upper,multiplicative_terms,multiplicative_terms_lower,multiplicative_terms_upper,yhat
2010-02-05,24320.5527420308,24497.137466347984,39177.42135715968,24320.5527420308,24320.5527420308,7543.346003292327,7543.346003292327,7543.346003292327,-1759.3624448169933,-1759.3624448169933,-1759.3624448169933,9302.70844810932,9302.70844810932,9302.70844810932,0.0,0.0,0.0,31863.898745323124
2010-02-12,24323.857337237456,30779.664250173224,45172.651893888025,24323.857337237456,24323.857337237456,13561.396043846245,13561.396043846245,13561.396043846245,-1759.362444816993,-1759.362444816993,-1759.362444816993,15320.758488663238,15320.758488663238,15320.758488663238,0.0,0.0,0.0,37885.253381083705
2010-02-19,24327.161932444105,29283.887452145424,44277.59144932052,24327.161932444105,24327.161932444105,12276.33040423138,12276.33040423138,12276.33040423138,-1759.3624448169933,-1759.3624448169933,-1759.3624448169933,14035.692849048375,14035.692849048375,14035.692849048375,0.0,0.0,0.0,36603.49233667548
2010-02-26,24330.466527650762,21292.46493957695,36004.15390062499,24330.466527650762,24330.466527650762,4382.998029382111,4382.998029382111,4382.998029382111,-1759.362444816993,-1759.362444816993,-1759.362444816993,6142.360474199105,6142.360474199105,6142.360474199105,0.0,0.0,0.0,28713.464557032872
2010-03-05,24333.77112285741,12213.49625585994,27383.532353852504,24333.77112285741,24333.77112285741,-4625.322086571378,-4625.322086571378,-4625.322086571378,-1759.3624448169933,-1759.3624448169933,-1759.3624448169933,-2865.9596417543853,-2865.9596417543853,-2865.9596417543853,0.0,0.0,0.0,19708.449036286034
2010-03-12,24337.07571806407,8803.18127183584,23364.90894021991,24337.07571806407,24337.07571806407,-8107.103101594956,-8107.103101594956,-8107.103101594956,-1759.3624448169933,-1759.3624448169933,-1759.3624448169933,-6347.740656777961,-6347.740656777961,-6347.740656777961,0.0,0.0,0.0,16229.972616469113
2010-03-19,24340.379554254396,13522.585124065561,28041.876761276417,24340.379554254396,24340.379554254396,-3564.6639405960705,-3564.6639405960705,-3564.6639405960705,-1759.3624448169933,-1759.3624448169933,-1759.3624448169933,-1805.301495779077,-1805.301495779077,-1805.301495779077,0.0,0.0,0.0,20775.715613658325
2010-03-26,24343.68339044473,22108.433775401096,37382.57805411249,24343.68339044473,24343.68339044473,5263.817113028143,5263.817113028143,5263.817113028143,-1759.362444816993,-1759.362444816993,-1759.362444816993,7023.1795578451365,7023.1795578451365,7023.1795578451365,0.0,0.0,0.0,29607.500503472875
2010-04-02,24346.987226635058,28494.81803039111,43645.629235881664,24346.987226635058,24346.987226635058,11722.13319941322,11722.13319941322,11722.13319941322,-1759.3624448169935,-1759.3624448169935,-1759.3624448169935,13481.495644230215,13481.495644230215,13481.495644230215,0.0,0.0,0.0,36069.12042604828
2010-04-09,24350.291062825385,28732.93896023676,43798.95245545532,24350.291062825385,24350.291062825385,11845.468463797803,11845.468463797803,11845.468463797803,-1759.362444816993,-1759.362444816993,-1759.362444816993,13604.830908614798,13604.830908614798,13604.830908614798,0.0,0.0,0.0,36195.75952662319
2010-04-16,24353.594899397714,23529.37525008902,38972.365031936475,24353.594899397714,24353.594899397714,6931.124902111084,6931.124902111084,6931.124902111084,-1759.362444816993,-1759.362444816993,-1759.362444816993,8690.48734692808,8690.48734692808,8690.48734692808,0.0,0.0,0.0,31284.7198015088
2010-04-23,24356.898735970044,17781.106460994524,32925.32589609251,24356.898735970044,24356.898735970044,1128.0333851811315,1128.0333851811315,1128.0333851811315,-1759.3624448169933,-1759.3624448169933,-1759.3624448169933,2887.395829998125,2887.395829998125,2887.395829998125,0.0,0.0,0.0,25484.932121151174
2010-04-30,24360.202572542374,14006.106462998516,28958.144617894388,24360.202572542374,24360.202572542374,-2768.350658457175,-2768.350658457175,-2768.350658457175,-1759.362444816993,-1759.362444816993,-1759.362444816993,-1008.9882136401819,-1008.9882136401819,-1008.9882136401819,0.0,0.0,0.0,21591.8519140852
2010-05-07,24363.506409114703,11224.980480887523,26398.16843110406,24363.506409114703,24363.506409114703,-4921.086583133745,-4921.086583133745,-4921.086583133745,-1759.3624448169933,-1759.3624448169933,-1759.3624448169933,-3161.724138316752,-3161.724138316752,-3161.724138316752,0.0,0.0,0.0,19442.419825980956
2010-05-14,24366.81024568703,10419.510845198523,24846.142275820006,24366.81024568703,24366.81024568703,-6650.636684034676,-6650.636684034676,-6650.636684034676,-1759.3624448169933,-1759.3624448169933,-1759.3624448169933,-4891.274239217682,-4891.274239217682,-4891.274239217682,0.0,0.0,0.0,17716.17356165235
2010-05-21,24370.114080177846,8370.846950307137,23176.80415156893,24370.114080177846,24370.114080177846,-8207.681465255195,-8207.681465255195,-8207.681465255195,-1759.3624448169933,-1759.3624448169933,-1759.3624448169933,-6448.319020438202,-6448.319020438202,-6448.319020438202,0.0,0.0,0.0,16162.43261492265
2010-05-28,24373.417914668666,8011.542960585319,23036.642223328283,24373.417914668666,24373.417914668666,-8806.253974608082,-8806.253974608082,-8806.253974608082,-1759.3624448169933,-1759.3624448169933,-1759.3624448169933,-7046.89152979109,-7046.89152979109,-7046.89152979109,0.0,0.0,0.0,15567.163940060584
2010-06-04,24376.721749159482,8235.070063086914,23499.709628073088,24376.721749159482,24376.721749159482,-8245.673486589714,-8245.673486589714,-8245.673486589714,-1759.3624448169935,-1759.3624448169935,-1759.3624448169935,-6486.311041772723,-6486.311041772723,-6486.311041772723,0.0,0.0,0.0,16131.048262569768
2010-06-11,24380.025583650302,9209.417508140441,24088.569734585395,24380.025583650302,24380.025583650302,-7546.162580827892,-7546.162580827892,-7546.162580827892,-1759.362444816993,-1759.362444816993,-1759.362444816993,-5786.800136010898,-5786.800136010898,-5786.800136010898,0.0,0.0,0.0,16833.86300282241
2010-06-18,24383.329420349368,9079.35930631699,23777.106842927853,24383.329420349368,24383.329420349368,-7723.3707731350205,-7723.3707731350205,-7723.3707731350205,-1759.3624448169933,-1759.3624448169933,-1759.3624448169933,-5964.008328318027,-5964.008328318027,-5964.008328318027,0.0,0.0,0.0,16659.95864721435
2010-06-25,24386.633257048434,8713.320666774409,23089.499599779956,24386.633257048434,24386.633257048434,-8499.511824186751,-8499.511824186751,-8499.511824186751,-1759.3624448169935,-1759.3624448169935,-1759.3624448169935,-6740.149379369758,-6740.149379369758,-6740.149379369758,0.0,0.0,0.0,15887.121432861682
2010-07-02,24389.9370937475,8069.275142683724,22800.71270212668,24389.9370937475,24389.9370937475,-8772.113675347548,-8772.113675347548,-8772.113675347548,-1759.3624448169933,-1759.3624448169933,-1759.3624448169933,-7012.751230530555,-7012.751230530555,-7012.751230530555,0.0,0.0,0.0,15617.823418399952
2010-07-09,24393.240930446562,8800.803893801609,23889.677226892014,24393.240930446562,24393.240930446562,-8182.099866652463,-8182.099866652463,-8182.099866652463,-1759.3624448169933,-1759.3624448169933,-1759.3624448169933,-6422.737421835472,-6422.737421835472,-6422.737421835472,0.0,0.0,0.0,16211.141063794099
2010-07-16,24396.54476714563,9712.221116112847,24354.766338698788,24396.54476714563,24396.54476714563,-7617.505146957321,-7617.505146957321,-7617.505146957321,-1759.3624448169933,-1759.3624448169933,-1759.3624448169933,-5858.142702140328,-5858.142702140328,-5858.142702140328,0.0,0.0,0.0,16779.039620188312
2010-07-23,24399.84860314671,9259.898541608938,23382.681697488337,24399.84860314671,24399.84860314671,-7979.709637211162,-7979.709637211162,-7979.709637211162,-1759.3624448169933,-1759.3624448169933,-1759.3624448169933,-6220.347192394169,-6220.347192394169,-6220.347192394169,0.0,0.0,0.0,16420.13896593555
2010-07-30,24403.15243914779,7761.842863750825,22548.095390056715,24403.15243914779,24403.15243914779,-8932.32345557226,-8932.32345557226,-8932.32345557226,-1759.362444816993,-1759.362444816993,-1759.362444816993,-7172.961010755264,-7172.961010755264,-7172.961010755264,0.0,0.0,0.0,15470.828983575531
2010-08-06,24406.45627514887,7408.5600897644035,22183.04191142585,24406.45627514887,24406.45627514887,-9360.302630174387,-9360.302630174387,-9360.302630174387,-1759.3624448169933,-1759.3624448169933,-1759.3624448169933,-7600.940185357396,-7600.940185357396,-7600.940185357396,0.0,0.0,0.0,15046.153644974484
2010-08-13,24409.760111149953,7852.700485819351,23127.94632821789,24409.760111149953,24409.760111149953,-8887.06046459324,-8887.06046459324,-8887.06046459324,-1759.362444816993,-1759.362444816993,-1759.362444816993,-7127.698019776245,-7127.698019776245,-7127.698019776245,0.0,0.0,0.0,15522.699646556714
2010-08-20,24413.06394800995,8360.245867559317,23793.715701447414,24413.06394800995,24413.06394800995,-8314.458203438387,-8314.458203438387,-8314.458203438387,-1759.3624448169933,-1759.3624448169933,-1759.3624448169933,-6555.0957586213935,-6555.0957586213935,-6555.0957586213935,0.0,0.0,0.0,16098.605744571561
2010-08-27,24416.367784869944,8203.745433236796,23059.083053079354,24416.367784869944,24416.367784869944,-8350.815451809187,-8350.815451809187,-8350.815451809187,-1759.362444816993,-1759.362444816993,-1759.362444816993,-6591.453006992192,-6591.453006992192,-6591.453006992192,0.0,0.0,0.0,16065.552333060758
2010-09-03,24419.67162172994,8400.22854209759,23552.667496718335,24419.67162172994,24419.67162172994,-8449.703206093507,-8449.703206093507,-8449.703206093507,-1759.3624448169933,-1759.3624448169933,-1759.3624448169933,-6690.340761276515,-6690.340761276515,-6690.340761276515,0.0,0.0,0.0,15969.968415636433
2010-09-10,24422.975458589935,8993.140005022522,23917.45203948004,24422.975458589935,24422.975458589935,-7535.491640953646,-7535.491640953646,-7535.491640953646,-1759.3624448169933,-1759.3624448169933,-1759.3624448169933,-5776.129196136652,-5776.129196136652,-5776.129196136652,0.0,0.0,0.0,16887.48381763629
2010-09-17,24426.279295449927,11582.435126109973,26085.25031744548,24426.279295449927,24426.279295449927,-5724.039931808392,-5724.039931808392,-5724.039931808392,-1759.3624448169933,-1759.3624448169933,-1759.3624448169933,-3964.6774869913993,-3964.6774869913993,-3964.6774869913993,0.0,0.0,0.0,18702.239363641536
2010-09-24,24429.582777609845,12481.256293909582,27425.223422116764,24429.582777609845,24429.582777609845,-4482.716353799282,-4482.716353799282,-4482.716353799282,-1759.362444816993,-1759.362444816993,-1759.362444816993,-2723.3539089822875,-2723.3539089822875,-2723.3539089822875,0.0,0.0,0.0,19946.866423810563
2010-10-01,24432.88625976976,12118.302324921216,27520.04407220833,24432.88625976976,24432.88625976976,-4580.4741748249535,-4580.4741748249535,-4580.4741748249535,-1759.3624448169933,-1759.3624448169933,-1759.3624448169933,-2821.1117300079595,-2821.1117300079595,-2821.1117300079595,0.0,0.0,0.0,19852.412084944805
2010-10-08,24436.189741929673,12850.678707188878,27846.6060393266,24436.189741929673,24436.189741929673,-4427.392626069588,-4427.392626069588,-4427.392626069588,-1759.3624448169933,-1759.3624448169933,-1759.3624448169933,-2668.0301812525945,-2668.0301812525945,-2668.0301812525945,0.0,0.0,0.0,20008.797115860085
2010-10-15,24439.493224089594,15709.015201918357,30245.01792597189,24439.493224089594,24439.493224089594,-1524.848913844413,-1524.848913844413,-1524.848913844413,-1759.362444816993,-1759.362444816993,-1759.362444816993,234.51353097258044,234.51353097258044,234.51353097258044,0.0,0.0,0.0,22914.64431024518
2010-10-22,24442.796703920158,20622.2181771353,36154.83821419524,24442.796703920158,24442.796703920158,4037.5858814763947,4037.5858814763947,4037.5858814763947,-1759.3624448169933,-1759.3624448169933,-1759.3624448169933,5796.948326293388,5796.948326293388,5796.948326293388,0.0,0.0,0.0,28480.382585396554
2010-10-29,24446.10018375073,25397.862821272705,39798.82308931322,24446.10018375073,24446.10018375073,8301.075893165877,8301.075893165877,8301.075893165877,-1759.3624448169933,-1759.3624448169933,-1759.3624448169933,10060.43833798287,10060.43833798287,10060.43833798287,0.0,0.0,0.0,32747.176076916607
2010-11-05,24449.40366358129,24300.4163382639,38406.6803362005,24449.40366358129,24449.40366358129,6806.429362359918,6806.429362359918,6806.429362359918,-1759.3624448169933,-1759.3624448169933,-1759.3624448169933,8565.79180717691,8565.79180717691,8565.79180717691,0.0,0.0,0.0,31255.83302594121
2010-11-12,24452.707143411862,16743.877688744742,31249.05700794274,24452.707143411862,24452.707143411862,-325.1350283370443,-325.1350283370443,-325.1350283370443,-1759.3624448169933,-1759.3624448169933,-1759.3624448169933,1434.227416479949,1434.227416479949,1434.227416479949,0.0,0.0,0.0,24127.572115074818
2010-11-19,24456.01062324243,9698.317120101734,25378.929575133312,24456.01062324243,24456.01062324243,-7231.135295143893,-7231.135295143893,-7231.135295143893,-1759.3624448169933,-1759.3624448169933,-1759.3624448169933,-5471.772850326899,-5471.772850326899,-5471.772850326899,0.0,0.0,0.0,17224.875328098537
2010-11-26,24459.314102776858,10226.490986123054,25148.445348238314,24459.314102776858,24459.314102776858,-7073.988782769601,-7073.988782769601,-7073.988782769601,-1759.3624448169933,-1759.3624448169933,-1759.3624448169933,-5314.626337952607,-5314.626337952607,-5314.626337952607,0.0,0.0,0.0,17385.325320007258
2010-12-03,24462.617582311283,18583.66456542447,33340.65099801593,24462.617582311283,24462.617582311283,1571.7029823743374,1571.7029823743374,1571.7029823743374,-1759.3624448169933,-1759.3624448169933,-1759.3624448169933,3331.065427191331,3331.065427191331,3331.065427191331,0.0,0.0,0.0,26034.32056468562
2010-12-10,24465.921061845715,29634.22059472986,44798.24672855644,24465.921061845715,24465.921061845715,13013.459825144655,13013.459825144655,13013.459825144655,-1759.3624448169933,-1759.3624448169933,-1759.3624448169933,14772.82226996165,14772.82226996165,14772.82226996165,0.0,0.0,0.0,37479.38088699037
2010-12-17,24469.22454138014,35461.15730002603,51080.395226373716,24469.22454138014,24469.22454138014,19092.95997188611,19092.95997188611,19092.95997188611,-1759.362444816993,-1759.362444816993,-1759.362444816993,20852.3224167031,20852.3224167031,20852.3224167031,0.0,0.0,0.0,43562.18451326625
2010-12-24,24472.52802112856,33349.97745558145,47576.63042044385,24472.52802112856,24472.52802112856,15673.080153074132,15673.080153074132,15673.080153074132,-1759.3624448169933,-1759.3624448169933,-1759.3624448169933,17432.44259789112,17432.44259789112,17432.44259789112,0.0,0.0,0.0,40145.608174202694
2010-12-31,24475.831500876982,22328.379486370803,37665.775148370034,24475.831500876982,24475.831500876982,5201.112205157439,5201.112205157439,5201.112205157439,-1759.362444816993,-1759.362444816993,-1759.362444816993,6960.474649974432,6960.474649974432,6960.474649974432,0.0,0.0,0.0,29676.94370603442
2011-01-07,24479.134980625404,11130.23675036227,26019.45011794955,24479.134980625404,24479.134980625404,-5986.322526123993,-5986.322526123993,-5986.322526123993,-1759.362444816993,-1759.362444816993,-1759.362444816993,-4226.960081307,-4226.960081307,-4226.960081307,0.0,0.0,0.0,18492.81245450141
2011-01-14,24482.43846037382,4885.943357786661,19457.872240966404,24482.43846037382,24482.43846037382,-12207.74723117265,-12207.74723117265,-12207.74723117265,-1759.3624448169935,-1759.3624448169935,-1759.3624448169935,-10448.384786355657,-10448.384786355657,-10448.384786355657,0.0,0.0,0.0,12274.691229201171
2011-01-21,24485.741940122243,5334.882100352709,20801.855072529892,24485.741940122243,24485.741940122243,-11101.218896857798,-11101.218896857798,-11101.218896857798,-1759.362444816993,-1759.362444816993,-1759.362444816993,-9341.856452040804,-9341.856452040804,-9341.856452040804,0.0,0.0,0.0,13384.523043264446
2011-01-28,24489.045418176214,13688.15737897478,28312.637062820224,24489.045418176214,24489.045418176214,-3795.5753789607575,-3795.5753789607575,-3795.5753789607575,-1759.362444816993,-1759.362444816993,-1759.362444816993,-2036.2129341437642,-2036.2129341437642,-2036.2129341437642,0.0,0.0,0.0,20693.470039215455
2011-02-04,24492.348896230185,22533.16811029648,37490.246156274814,24492.348896230185,24492.348896230185,5939.980414456011,5939.980414456011,5939.980414456011,-1759.3624448169933,-1759.3624448169933,-1759.3624448169933,7699.342859273005,7699.342859273005,7699.342859273005,0.0,0.0,0.0,30432.329310686197
2011-02-11,24495.652374284156,30033.102808952208,44582.71641641812,24495.652374284156,24495.652374284156,12959.976436538216,12959.976436538216,12959.976436538216,-1759.362444816993,-1759.362444816993,-1759.362444816993,14719.338881355212,14719.338881355212,14719.338881355212,0.0,0.0,0.0,37455.628810822374
2011-02-18,24498.955852338127,30386.234464209498,45199.41688528797,24498.955852338127,24498.955852338127,13082.016985236021,13082.016985236021,13082.016985236021,-1759.3624448169933,-1759.3624448169933,-1759.3624448169933,14841.379430053015,14841.379430053015,14841.379430053015,0.0,0.0,0.0,37580.97283757415
2011-02-25,24502.25932998655,22979.61231233287,38209.319636664986,24502.25932998655,24502.25932998655,6078.460825651425,6078.460825651425,6078.460825651425,-1759.3624448169935,-1759.3624448169935,-1759.3624448169935,7837.823270468417,7837.823270468417,7837.823270468417,0.0,0.0,0.0,30580.720155637977
2011-03-04,24505.56280763498,13869.870563605424,28568.015713906232,24505.56280763498,24505.56280763498,-3257.539982238328,-3257.539982238328,-3257.539982238328,-1759.3624448169933,-1759.3624448169933,-1759.3624448169933,-1498.1775374213348,-1498.1775374213348,-1498.1775374213348,0.0,0.0,0.0,21248.02282539665
2011-03-11,24508.866285283406,8375.8856772846,23948.887863015676,24508.866285283406,24508.866285283406,-8086.718259373352,-8086.718259373352,-8086.718259373352,-1759.3624448169933,-1759.3624448169933,-1759.3624448169933,-6327.355814556359,-6327.355814556359,-6327.355814556359,0.0,0.0,0.0,16422.148025910054
2011-03-18,24512.16976293183,12028.23178996977,27369.742476112107,24512.16976293183,24512.16976293183,-4867.949352349057,-4867.949352349057,-4867.949352349057,-1759.3624448169935,-1759.3624448169935,-1759.3624448169935,-3108.5869075320643,-3108.5869075320643,-3108.5869075320643,0.0,0.0,0.0,19644.220410582773
2011-03-25,24515.473240580257,21091.610058376424,35471.63850734426,24515.473240580257,24515.473240580257,3674.8687819229226,3674.8687819229226,3674.8687819229226,-1759.3624448169933,-1759.3624448169933,-1759.3624448169933,5434.231226739916,5434.231226739916,5434.231226739916,0.0,0.0,0.0,28190.34202250318
2011-04-01,24518.776715684628,27849.26462646434,42752.688901831636,24518.776715684628,24518.776715684628,10987.987953944408,10987.987953944408,10987.987953944408,-1759.3624448169933,-1759.3624448169933,-1759.3624448169933,12747.350398761402,12747.350398761402,12747.350398761402,0.0,0.0,0.0,35506.76466962903
2011-04-08,24522.080190789005,29169.475602599472,44502.83004862987,24522.080190789005,24522.080190789005,12292.521825353377,12292.521825353377,12292.521825353377,-1759.3624448169935,-1759.3624448169935,-1759.3624448169935,14051.884270170369,14051.884270170369,14051.884270170369,0.0,0.0,0.0,36814.60201614238
2011-04-15,24525.38366589338,24694.124454859262,39868.3047843581,24525.38366589338,24525.38366589338,7996.893751878997,7996.893751878997,7996.893751878997,-1759.362444816993,-1759.362444816993,-1759.362444816993,9756.25619669599,9756.25619669599,9756.25619669599,0.0,0.0,0.0,32522.277417772377
2011-04-22,24528.687140997754,19294.035117396474,33623.989647686954,24528.687140997754,24528.687140997754,2064.233739460081,2064.233739460081,2064.233739460081,-1759.3624448169933,-1759.3624448169933,-1759.3624448169933,3823.5961842770744,3823.5961842770744,3823.5961842770744,0.0,0.0,0.0,26592.920880457834
2011-04-29,24531.990615273466,15441.108123740223,30405.099654176174,24531.990615273466,24531.990615273466,-2236.594639279679,-2236.594639279679,-2236.594639279679,-1759.3624448169935,-1759.3624448169935,-1759.3624448169935,-477.23219446268575,-477.23219446268575,-477.23219446268575,0.0,0.0,0.0,22295.395975993786
2011-05-06,24535.294089549174,12223.846432487604,28400.457325137555,24535.294089549174,24535.294089549174,-4599.980285828237,-4599.980285828237,-4599.980285828237,-1759.3624448169933,-1759.3624448169933,-1759.3624448169933,-2840.617841011245,-2840.617841011245,-2840.617841011245,0.0,0.0,0.0,19935.313803720936
2011-05-13,24538.597563824882,10816.830154617423,25957.205719721806,24538.597563824882,24538.597563824882,-6340.682069605537,-6340.682069605537,-6340.682069605537,-1759.3624448169933,-1759.3624448169933,-1759.3624448169933,-4581.319624788544,-4581.319624788544,-4581.319624788544,0.0,0.0,0.0,18197.915494219345
2011-05-20,24541.901038100586,9051.687838062864,24215.286855084854,24541.901038100586,24541.901038100586,-7975.308580107479,-7975.308580107479,-7975.308580107479,-1759.3624448169933,-1759.3624448169933,-1759.3624448169933,-6215.946135290485,-6215.946135290485,-6215.946135290485,0.0,0.0,0.0,16566.59245799311
2011-05-27,24545.204512376295,8475.67001709,23313.901324601145,24545.204512376295,24545.204512376295,-8796.810354259613,-8796.810354259613,-8796.810354259613,-1759.362444816993,-1759.362444816993,-1759.362444816993,-7037.4479094426215,-7037.4479094426215,-7037.4479094426215,0.0,0.0,0.0,15748.394158116682
2011-06-03,24548.507987303285,9189.537176876172,23746.547151127696,24548.507987303285,24548.507987303285,-8395.700548684932,-8395.700548684932,-8395.700548684932,-1759.3624448169933,-1759.3624448169933,-1759.3624448169933,-6636.338103867939,-6636.338103867939,-6636.338103867939,0.0,0.0,0.0,16152.807438618353
2011-06-10,24551.811462230267,9540.050424905658,24532.61840088074,24551.811462230267,24551.811462230267,-7622.7981940174095,-7622.7981940174095,-7622.7981940174095,-1759.362444816993,-1759.362444816993,-1759.362444816993,-5863.4357492004165,-5863.4357492004165,-5863.4357492004165,0.0,0.0,0.0,16929.013268212857
2011-06-17,24555.114937157254,9764.766036392426,24559.15864523468,24555.114937157254,24555.114937157254,-7620.884327232318,-7620.884327232318,-7620.884327232318,-1759.362444816993,-1759.362444816993,-1759.362444816993,-5861.521882415325,-5861.521882415325,-5861.521882415325,0.0,0.0,0.0,16934.230609924936
2011-06-24,24558.41841208424,7952.544960154694,23877.90738020858,24558.41841208424,24558.41841208424,-8367.18080048717,-8367.18080048717,-8367.18080048717,-1759.3624448169933,-1759.3624448169933,-1759.3624448169933,-6607.818355670174,-6607.818355670174,-6607.818355670174,0.0,0.0,0.0,16191.237611597071
2011-07-01,24561.72188612539,8102.362877803348,22942.113448058168,24561.72188612539,24561.72188612539,-8795.35571870874,-8795.35571870874,-8795.35571870874,-1759.3624448169933,-1759.3624448169933,-1759.3624448169933,-7035.993273891747,-7035.993273891747,-7035.993273891747,0.0,0.0,0.0,15766.366167416649
2011-07-08,24565.025360166543,8676.643756922402,23204.70513398295,24565.025360166543,24565.025360166543,-8321.501399335652,-8321.501399335652,-8321.501399335652,-1759.3624448169933,-1759.3624448169933,-1759.3624448169933,-6562.138954518658,-6562.138954518658,-6562.138954518658,0.0,0.0,0.0,16243.523960830891
2011-07-15,24568.328834207692,9334.410633390558,23982.328038445157,24568.328834207692,24568.328834207692,-7663.67775881778,-7663.67775881778,-7663.67775881778,-1759.3624448169933,-1759.3624448169933,-1759.3624448169933,-5904.315314000786,-5904.315314000786,-5904.315314000786,0.0,0.0,0.0,16904.651075389913
2011-07-22,24571.63230824884,9317.627088142126,24682.425095203693,24571.63230824884,24571.63230824884,-7843.942543161652,-7843.942543161652,-7843.942543161652,-1759.3624448169935,-1759.3624448169935,-1759.3624448169935,-6084.580098344658,-6084.580098344658,-6084.580098344658,0.0,0.0,0.0,16727.68976508719
2011-07-29,24574.93578228999,8042.049384471982,23104.954821882166,24574.93578228999,24574.93578228999,-8769.946984256834,-8769.946984256834,-8769.946984256834,-1759.362444816993,-1759.362444816993,-1759.362444816993,-7010.58453943984,-7010.58453943984,-7010.58453943984,0.0,0.0,0.0,15804.988798033157
2011-08-05,24578.239256316116,8143.576453752036,22440.600657623818,24578.239256316116,24578.239256316116,-9357.59836820978,-9357.59836820978,-9357.59836820978,-1759.3624448169933,-1759.3624448169933,-1759.3624448169933,-7598.235923392786,-7598.235923392786,-7598.235923392786,0.0,0.0,0.0,15220.640888106336
2011-08-12,24581.54273034224,8271.64141816404,23522.602632999668,24581.54273034224,24581.54273034224,-9010.911890027239,-9010.911890027239,-9010.911890027239,-1759.362444816993,-1759.362444816993,-1759.362444816993,-7251.549445210244,-7251.549445210244,-7251.549445210244,0.0,0.0,0.0,15570.630840315001
2011-08-19,24584.84620436836,9141.35998209419,23438.127363102423,24584.84620436836,24584.84620436836,-8378.540308655476,-8378.540308655476,-8378.540308655476,-1759.3624448169933,-1759.3624448169933,-1759.3624448169933,-6619.177863838486,-6619.177863838486,-6619.177863838486,0.0,0.0,0.0,16206.305895712885
2011-08-26,24588.14967839449,8372.315463519613,23658.01214704907,24588.14967839449,24588.14967839449,-8307.312717646884,-8307.312717646884,-8307.312717646884,-1759.3624448169933,-1759.3624448169933,-1759.3624448169933,-6547.950272829892,-6547.950272829892,-6547.950272829892,0.0,0.0,0.0,16280.836960747605
2011-09-02,24591.453152123097,8622.3641660477,23582.332833634373,24591.453152123097,24591.453152123097,-8482.343987289954,-8482.343987289954,-8482.343987289954,-1759.3624448169933,-1759.3624448169933,-1759.3624448169933,-6722.981542472961,-6722.981542472961,-6722.981542472961,0.0,0.0,0.0,16109.109164833142
2011-09-09,24594.756625851707,8745.389091150144,24317.693242830825,24594.756625851707,24594.756625851707,-7792.011087011325,-7792.011087011325,-7792.011087011325,-1759.3624448169933,-1759.3624448169933,-1759.3624448169933,-6032.648642194331,-6032.648642194331,-6032.648642194331,0.0,0.0,0.0,16802.745538840383
2011-09-16,24598.060099580318,10999.067658964195,25968.65844222151,24598.060099580318,24598.060099580318,-6054.064994203719,-6054.064994203719,-6054.064994203719,-1759.3624448169933,-1759.3624448169933,-1759.3624448169933,-4294.702549386726,-4294.702549386726,-4294.702549386726,0.0,0.0,0.0,18543.995105376598
2011-09-23,24601.363573308925,12673.02738928141,26944.70942953155,24601.363573308925,24601.363573308925,-4600.337656481375,-4600.337656481375,-4600.337656481375,-1759.3624448169933,-1759.3624448169933,-1759.3624448169933,-2840.9752116643813,-2840.9752116643813,-2840.9752116643813,0.0,0.0,0.0,20001.02591682755
2011-09-30,24604.667047037536,12560.244624962437,27379.28790431311,24604.667047037536,24604.667047037536,-4505.748781570334,-4505.748781570334,-4505.748781570334,-1759.3624448169933,-1759.3624448169933,-1759.3624448169933,-2746.3863367533427,-2746.3863367533427,-2746.3863367533427,0.0,0.0,0.0,20098.9182654672
2011-10-07,24607.970520480514,12961.856895426408,27449.897576057563,24607.970520480514,24607.970520480514,-4598.545264131991,-4598.545264131991,-4598.545264131991,-1759.3624448169933,-1759.3624448169933,-1759.3624448169933,-2839.1828193149977,-2839.1828193149977,-2839.1828193149977,0.0,0.0,0.0,20009.425256348524
2011-10-14,24611.273993923496,14553.836578977476,29821.573533278486,24611.273993923496,24611.273993923496,-2296.666193049453,-2296.666193049453,-2296.666193049453,-1759.362444816993,-1759.362444816993,-1759.362444816993,-537.3037482324598,-537.3037482324598,-537.3037482324598,0.0,0.0,0.0,22314.607800874044
2011-10-21,24614.577467366475,20174.854828632484,34872.138834193436,24614.577467366475,24614.577467366475,2988.306066835404,2988.306066835404,2988.306066835404,-1759.3624448169933,-1759.3624448169933,-1759.3624448169933,4747.668511652398,4747.668511652398,4747.668511652398,0.0,0.0,0.0,27602.88353420188
2011-10-28,24617.880940809453,24350.01562501988,39135.75070938205,24617.880940809453,24617.880940809453,7868.700896229657,7868.700896229657,7868.700896229657,-1759.362444816993,-1759.362444816993,-1759.362444816993,9628.063341046653,9628.063341046653,9628.063341046653,0.0,0.0,0.0,32486.58183703911
2011-11-04,24621.184414862688,24799.787167753846,39567.13190301992,24621.184414862688,24621.184414862688,7576.328053027634,7576.328053027634,7576.328053027634,-1759.3624448169935,-1759.3624448169935,-1759.3624448169935,9335.690497844627,9335.690497844627,9335.690497844627,0.0,0.0,0.0,32197.512467890323
2011-11-11,24624.48788891593,17944.68054473023,32839.94777393674,24624.48788891593,24624.48788891593,1153.5226465037122,1153.5226465037122,1153.5226465037122,-1759.362444816993,-1759.362444816993,-1759.362444816993,2912.885091320705,2912.885091320705,2912.885091320705,0.0,0.0,0.0,25778.010535419642
2011-11-18,24627.791362969165,11101.364716801774,25311.205272330506,24627.791362969165,24627.791362969165,-6359.508547730865,-6359.508547730865,-6359.508547730865,-1759.3624448169933,-1759.3624448169933,-1759.3624448169933,-4600.146102913872,-4600.146102913872,-4600.146102913872,0.0,0.0,0.0,18268.2828152383
2011-11-25,24631.0948370224,9386.649750813927,24508.72194729677,24631.0948370224,24631.0948370224,-7786.452271499559,-7786.452271499559,-7786.452271499559,-1759.362444816993,-1759.362444816993,-1759.362444816993,-6027.089826682566,-6027.089826682566,-6027.089826682566,0.0,0.0,0.0,16844.64256552284
2011-12-02,24634.398311075634,16573.75936862424,31184.681755159723,24634.398311075634,24634.398311075634,-413.3139249760628,-413.3139249760628,-413.3139249760628,-1759.362444816993,-1759.362444816993,-1759.362444816993,1346.0485198409306,1346.0485198409306,1346.0485198409306,0.0,0.0,0.0,24221.08438609957
2011-12-09,24637.701785383506,28021.89032665308,43377.04757118869,24637.701785383506,24637.701785383506,11149.214196494284,11149.214196494284,11149.214196494284,-1759.362444816993,-1759.362444816993,-1759.362444816993,12908.576641311278,12908.576641311278,12908.576641311278,0.0,0.0,0.0,35786.91598187779
2011-12-16,24641.005259691377,35543.69959518581,50640.24672481317,24641.005259691377,24641.005259691377,18672.65442606845,18672.65442606845,18672.65442606845,-1759.362444816993,-1759.362444816993,-1759.362444816993,20432.01687088544,20432.01687088544,20432.01687088544,0.0,0.0,0.0,43313.65968575983
2011-12-23,24644.308733999245,33759.713648929675,49067.30937270355,24644.308733999245,24644.308733999245,16948.72042360285,16948.72042360285,16948.72042360285,-1759.3624448169933,-1759.3624448169933,-1759.3624448169933,18708.08286841984,18708.08286841984,18708.08286841984,0.0,0.0,0.0,41593.0291576021
2011-12-30,24647.612208307113,24143.39432112015,39255.30467592334,24647.612208307113,24647.612208307113,7321.597609729406,7321.597609729406,7321.597609729406,-1759.3624448169933,-1759.3624448169933,-1759.3624448169933,9080.9600545464,9080.9600545464,9080.9600545464,0.0,0.0,0.0,31969.20981803652
2012-01-06,24650.91568234312,12731.483030489087,27441.67731443046,24650.91568234312,24650.91568234312,-4225.422612715395,-4225.422612715395,-4225.422612715395,-1759.3624448169933,-1759.3624448169933,-1759.3624448169933,-2466.060167898403,-2466.060167898403,-2466.060167898403,0.0,0.0,0.0,20425.493069627722
2012-01-13,24654.21915637912,5814.70173997398,20394.673259970674,24654.21915637912,24654.21915637912,-11615.707186812824,-11615.707186812824,-11615.707186812824,-1759.3624448169933,-1759.3624448169933,-1759.3624448169933,-9856.344741995832,-9856.344741995832,-9856.344741995832,0.0,0.0,0.0,13038.511969566296
2012-01-20,24657.52263041513,5397.899187581542,20107.793385782334,24657.52263041513,24657.52263041513,-11826.186078292156,-11826.186078292156,-11826.186078292156,-1759.3624448169935,-1759.3624448169935,-1759.3624448169935,-10066.823633475162,-10066.823633475162,-10066.823633475162,0.0,0.0,0.0,12831.336552122973
2012-01-27,24660.82610445113,12311.474318778766,26224.664001736477,24660.82610445113,24660.82610445113,-5414.19865033602,-5414.19865033602,-5414.19865033602,-1759.3624448169933,-1759.3624448169933,-1759.3624448169933,-3654.8362055190264,-3654.8362055190264,-3654.8362055190264,0.0,0.0,0.0,19246.62745411511
2012-02-03,24664.129578487136,21788.028911227833,36353.02637075296,24664.129578487136,24664.129578487136,4247.932722009657,4247.932722009657,4247.932722009657,-1759.3624448169933,-1759.3624448169933,-1759.3624448169933,6007.29516682665,6007.29516682665,6007.29516682665,0.0,0.0,0.0,28912.062300496793
2012-02-10,24667.433051674787,29259.277877933026,44058.7334819853,24667.433051674787,24667.433051674787,12127.75358092176,12127.75358092176,12127.75358092176,-1759.3624448169933,-1759.3624448169933,-1759.3624448169933,13887.116025738753,13887.116025738753,13887.116025738753,0.0,0.0,0.0,36795.186632596546
2012-02-17,24670.736524862434,30060.382261950046,45814.47800721381,24670.736524862434,24670.736524862434,13645.936264537791,13645.936264537791,13645.936264537791,-1759.362444816993,-1759.362444816993,-1759.362444816993,15405.298709354785,15405.298709354785,15405.298709354785,0.0,0.0,0.0,38316.672789400225
2012-02-24,24674.03999805008,25432.883211712502,39812.36344938524,24674.03999805008,24674.03999805008,7693.256593464131,7693.256593464131,7693.256593464131,-1759.3624448169933,-1759.3624448169933,-1759.3624448169933,9452.619038281126,9452.619038281126,9452.619038281126,0.0,0.0,0.0,32367.296591514212
2012-03-02,24677.343471237727,15332.418814512765,29976.79362784208,24677.343471237727,24677.343471237727,-1736.6435935407153,-1736.6435935407153,-1736.6435935407153,-1759.3624448169935,-1759.3624448169935,-1759.3624448169935,22.718851276278055,22.718851276278055,22.718851276278055,0.0,0.0,0.0,22940.699877697014
2012-03-09,24680.646944647797,9731.781430025028,24630.28033929252,24680.646944647797,24680.646944647797,-7791.3899360270125,-7791.3899360270125,-7791.3899360270125,-1759.362444816993,-1759.362444816993,-1759.362444816993,-6032.02749121002,-6032.02749121002,-6032.02749121002,0.0,0.0,0.0,16889.257008620785
2012-03-16,24683.950418057866,11720.22579793628,26271.330948880674,24683.950418057866,24683.950418057866,-5990.316928238714,-5990.316928238714,-5990.316928238714,-1759.3624448169933,-1759.3624448169933,-1759.3624448169933,-4230.95448342172,-4230.95448342172,-4230.95448342172,0.0,0.0,0.0,18693.633489819153
2012-03-23,24687.253891467935,19124.114760796696,33979.478986460264,24687.253891467935,24687.253891467935,2041.2236317090121,2041.2236317090121,2041.2236317090121,-1759.3624448169933,-1759.3624448169933,-1759.3624448169933,3800.5860765260054,3800.5860765260054,3800.5860765260054,0.0,0.0,0.0,26728.47752317695
2012-03-30,24690.557364878005,27645.759281826944,42679.065078657935,24690.557364878005,24690.557364878005,10046.8195840467,10046.8195840467,10046.8195840467,-1759.362444816993,-1759.362444816993,-1759.362444816993,11806.182028863692,11806.182028863692,11806.182028863692,0.0,0.0,0.0,34737.376948924706
2012-04-06,24693.860838288074,29927.822475295176,44384.398109025075,24693.860838288074,24693.860838288074,12550.821010773356,12550.821010773356,12550.821010773356,-1759.3624448169933,-1759.3624448169933,-1759.3624448169933,14310.183455590348,14310.183455590348,14310.183455590348,0.0,0.0,0.0,37244.68184906143
2012-04-13,24697.164311301996,26389.388251147248,41674.91601562263,24697.164311301996,24697.164311301996,9013.13300388869,9013.13300388869,9013.13300388869,-1759.3624448169933,-1759.3624448169933,-1759.3624448169933,10772.495448705684,10772.495448705684,10772.495448705684,0.0,0.0,0.0,33710.297315190684
2012-04-20,24700.46778431592,19978.202838459438,35318.58389523936,24700.46778431592,24700.46778431592,3061.6095583581036,3061.6095583581036,3061.6095583581036,-1759.3624448169933,-1759.3624448169933,-1759.3624448169933,4820.972003175097,4820.972003175097,4820.972003175097,0.0,0.0,0.0,27762.077342674023
2012-04-27,24703.771257329838,15838.291349093639,30456.32874615379,24703.771257329838,24703.771257329838,-1638.495766373962,-1638.495766373962,-1638.495766373962,-1759.3624448169933,-1759.3624448169933,-1759.3624448169933,120.86667844303122,120.86667844303122,120.86667844303122,0.0,0.0,0.0,23065.275490955875
2012-05-04,24707.07473034376,12817.502609020623,28210.20076661687,24707.07473034376,24707.07473034376,-4261.974846416926,-4261.974846416926,-4261.974846416926,-1759.3624448169935,-1759.3624448169935,-1759.3624448169935,-2502.6124015999317,-2502.6124015999317,-2502.6124015999317,0.0,0.0,0.0,20445.099883926836
2012-05-11,24710.378203357683,11459.12754657149,25923.307610061693,24710.378203357683,24710.378203357683,-6031.326072250593,-6031.326072250593,-6031.326072250593,-1759.3624448169933,-1759.3624448169933,-1759.3624448169933,-4271.963627433599,-4271.963627433599,-4271.963627433599,0.0,0.0,0.0,18679.05213110709
2012-05-18,24713.6816763716,9497.825077319292,24036.534853887097,24713.6816763716,24713.6816763716,-7715.963915442935,-7715.963915442935,-7715.963915442935,-1759.3624448169933,-1759.3624448169933,-1759.3624448169933,-5956.601470625942,-5956.601470625942,-5956.601470625942,0.0,0.0,0.0,16997.717760928666
2012-05-25,24716.985149385524,8542.146503548478,23523.958961840694,24716.985149385524,24716.985149385524,-8744.277544166673,-8744.277544166673,-8744.277544166673,-1759.3624448169933,-1759.3624448169933,-1759.3624448169933,-6984.915099349678,-6984.915099349678,-6984.915099349678,0.0,0.0,0.0,15972.707605218851
2012-06-01,24720.288622399446,8926.013394591651,23671.2817962573,24720.288622399446,24720.288622399446,-8532.912153863423,-8532.912153863423,-8532.912153863423,-1759.3624448169933,-1759.3624448169933,-1759.3624448169933,-6773.549709046428,-6773.549709046428,-6773.549709046428,0.0,0.0,0.0,16187.376468536024
2012-06-08,24723.59209541337,9709.114372831293,23993.911225937227,24723.59209541337,24723.59209541337,-7727.718996764795,-7727.718996764795,-7727.718996764795,-1759.3624448169933,-1759.3624448169933,-1759.3624448169933,-5968.356551947801,-5968.356551947801,-5968.356551947801,0.0,0.0,0.0,16995.873098648575
2012-06-15,24726.89556842729,9851.370100609487,24523.04843326132,24726.89556842729,24726.89556842729,-7545.558462136331,-7545.558462136331,-7545.558462136331,-1759.362444816993,-1759.362444816993,-1759.362444816993,-5786.196017319338,-5786.196017319338,-5786.196017319338,0.0,0.0,0.0,17181.33710629096
2012-06-22,24730.199041441214,8785.913344108343,23576.187707537396,24730.199041441214,24730.199041441214,-8223.150780634549,-8223.150780634549,-8223.150780634549,-1759.3624448169933,-1759.3624448169933,-1759.3624448169933,-6463.788335817556,-6463.788335817556,-6463.788335817556,0.0,0.0,0.0,16507.048260806667
2012-06-29,24733.502514455133,8988.283608560203,23200.460078601143,24733.502514455133,24733.502514455133,-8785.684357166965,-8785.684357166965,-8785.684357166965,-1759.3624448169933,-1759.3624448169933,-1759.3624448169933,-7026.321912349972,-7026.321912349972,-7026.321912349972,0.0,0.0,0.0,15947.818157288168
2012-07-06,24736.805987469055,8836.079378033568,23483.74975287538,24736.805987469055,24736.805987469055,-8454.070683417303,-8454.070683417303,-8454.070683417303,-1759.3624448169935,-1759.3624448169935,-1759.3624448169935,-6694.708238600311,-6694.708238600311,-6694.708238600311,0.0,0.0,0.0,16282.735304051752
2012-07-13,24740.109460482978,9553.34778302546,24150.272613481957,24740.109460482978,24740.109460482978,-7740.122011740899,-7740.122011740899,-7740.122011740899,-1759.3624448169933,-1759.3624448169933,-1759.3624448169933,-5980.759566923906,-5980.759566923906,-5980.759566923906,0.0,0.0,0.0,16999.98744874208
2012-07-20,24743.412933496897,8939.045909578981,24104.308008593765,24743.412933496897,24743.412933496897,-7735.106750136796,-7735.106750136796,-7735.106750136796,-1759.3624448169933,-1759.3624448169933,-1759.3624448169933,-5975.744305319802,-5975.744305319802,-5975.744305319802,0.0,0.0,0.0,17008.306183360102
2012-07-27,24746.71640651082,8662.128255217216,23987.80757588384,24746.71640651082,24746.71640651082,-8595.207771240239,-8595.207771240239,-8595.207771240239,-1759.3624448169933,-1759.3624448169933,-1759.3624448169933,-6835.8453264232485,-6835.8453264232485,-6835.8453264232485,0.0,0.0,0.0,16151.50863527058
2012-08-03,24750.01987952474,7886.51605169865,22309.978220575416,24750.01987952474,24750.01987952474,-9321.097730875872,-9321.097730875872,-9321.097730875872,-1759.3624448169933,-1759.3624448169933,-1759.3624448169933,-7561.735286058877,-7561.735286058877,-7561.735286058877,0.0,0.0,0.0,15428.92214864887
2012-08-10,24753.32335253866,8695.547740962214,23475.76002038693,24753.32335253866,24753.32335253866,-9124.994216819063,-9124.994216819063,-9124.994216819063,-1759.3624448169933,-1759.3624448169933,-1759.3624448169933,-7365.63177200207,-7365.63177200207,-7365.63177200207,0.0,0.0,0.0,15628.329135719598
2012-08-17,24756.626825552583,9320.5407736206,23490.041574318344,24756.626825552583,24756.626825552583,-8464.263850445637,-8464.263850445637,-8464.263850445637,-1759.3624448169933,-1759.3624448169933,-1759.3624448169933,-6704.901405628644,-6704.901405628644,-6704.901405628644,0.0,0.0,0.0,16292.362975106946
2012-08-24,24759.930298566505,9260.231565056545,23873.57050755436,24759.930298566505,24759.930298566505,-8274.33385243785,-8274.33385243785,-8274.33385243785,-1759.3624448169933,-1759.3624448169933,-1759.3624448169933,-6514.971407620859,-6514.971407620859,-6514.971407620859,0.0,0.0,0.0,16485.596446128657
2012-08-31,24763.233771580424,8590.534387707643,23649.953849701807,24763.233771580424,24763.233771580424,-8484.524428821365,-8484.524428821365,-8484.524428821365,-1759.362444816993,-1759.362444816993,-1759.362444816993,-6725.161984004371,-6725.161984004371,-6725.161984004371,0.0,0.0,0.0,16278.709342759059
2012-09-07,24766.537244594347,9303.677309979828,23604.847140393675,24766.537244594347,24766.537244594347,-8010.187174285204,-8010.187174285204,-8010.187174285204,-1759.3624448169933,-1759.3624448169933,-1759.3624448169933,-6250.82472946821,-6250.82472946821,-6250.82472946821,0.0,0.0,0.0,16756.35007030914
2012-09-14,24769.84071760827,10870.841602360351,25919.46018305947,24769.84071760827,24769.84071760827,-6393.6658562196535,-6393.6658562196535,-6393.6658562196535,-1759.362444816993,-1759.362444816993,-1759.362444816993,-4634.3034114026605,-4634.3034114026605,-4634.3034114026605,0.0,0.0,0.0,18376.174861388616
2012-09-21,24773.144190622188,12459.844647471013,27503.293141159647,24773.144190622188,24773.144190622188,-4768.2672032521905,-4768.2672032521905,-4768.2672032521905,-1759.362444816993,-1759.362444816993,-1759.362444816993,-3008.904758435197,-3008.904758435197,-3008.904758435197,0.0,0.0,0.0,20004.876987369997
2012-09-28,24776.447663636114,13008.669293021505,27712.761890594145,24776.447663636114,24776.447663636114,-4441.7678688149235,-4441.7678688149235,-4441.7678688149235,-1759.362444816993,-1759.362444816993,-1759.362444816993,-2682.40542399793,-2682.40542399793,-2682.40542399793,0.0,0.0,0.0,20334.67979482119
2012-10-05,24779.751136650033,12677.937456199634,27899.226455437576,24779.751136650033,24779.751136650033,-4687.677833918314,-4687.677833918314,-4687.677833918314,-1759.3624448169933,-1759.3624448169933,-1759.3624448169933,-2928.3153891013208,-2928.3153891013208,-2928.3153891013208,0.0,0.0,0.0,20092.07330273172
2012-10-12,24783.054609663955,14895.045848221176,29720.32932018085,24783.054609663955,24783.054609663955,-2961.220144751454,-2961.220144751454,-2961.220144751454,-1759.362444816993,-1759.362444816993,-1759.362444816993,-1201.8576999344607,-1201.8576999344607,-1201.8576999344607,0.0,0.0,0.0,21821.834464912503
2012-10-19,24786.358082677878,19089.324025514135,34252.022724114446,24786.358082677878,24786.358082677878,1930.816100883137,1930.816100883137,1930.816100883137,-1759.3624448169933,-1759.3624448169933,-1759.3624448169933,3690.178545700131,3690.178545700131,3690.178545700131,0.0,0.0,0.0,26717.174183561016
2012-10-26,24789.661555691797,24892.011525323196,39430.712095465606,24789.661555691797,24789.661555691797,7260.385395313651,7260.385395313651,7260.385395313651,-1759.3624448169933,-1759.3624448169933,-1759.3624448169933,9019.747840130645,9019.747840130645,9019.747840130645,0.0,0.0,0.0,32050.046951005446
2012-10-28,24790.605405124345,27066.051141400174,42238.25599842163,24790.605405078124,24790.605405124345,10203.286162401791,10203.286162401791,10203.286162401791,293.2270757226297,293.2270757226297,293.2270757226297,9910.05908667916,9910.05908667916,9910.05908667916,0.0,0.0,0.0,34993.89156752614
2012-11-04,24793.908878138267,25990.258600517158,41704.77973031348,24793.908852319404,24793.90889659895,9191.696902780182,9191.696902780182,9191.696902780182,293.2270757234305,293.2270757234305,293.2270757234305,8898.46982705675,8898.46982705675,8898.46982705675,0.0,0.0,0.0,33985.60578091845
2012-11-11,24797.21235115219,19542.9957021386,34275.73035718456,24797.212287444658,24797.21240497544,2321.0260961978656,2321.0260961978656,2321.0260961978656,293.22707572423144,293.22707572423144,293.22707572423144,2027.7990204736345,2027.7990204736345,2027.7990204736345,0.0,0.0,0.0,27118.238447350057
2012-11-18,24800.515824166112,13074.186485898364,27817.31671726547,24800.51570360477,24800.51592952988,-4857.051412957303,-4857.051412957303,-4857.051412957303,293.2270757250323,293.2270757250323,293.2270757250323,-5150.2784886823365,-5150.2784886823365,-5150.2784886823365,0.0,0.0,0.0,19943.46441120881
2012-11-25,24803.819297180034,11530.425198363939,26559.93859846744,24803.819096464333,24803.819461589286,-5342.159194003564,-5342.159194003564,-5342.159194003564,293.22707572238295,293.22707572238295,293.22707572238295,-5635.386269725947,-5635.386269725947,-5635.386269725947,0.0,0.0,0.0,19461.66010317647
2012-12-02,24807.122770193953,20180.649049713647,35189.349848225276,24807.122487557917,24807.12299382924,2815.9828478219138,2815.9828478219138,2815.9828478219138,293.227075723184,293.227075723184,293.227075723184,2522.7557720987297,2522.7557720987297,2522.7557720987297,0.0,0.0,0.0,27623.105618015867
2012-12-09,24810.426243207876,31661.976357051393,46745.139340784815,24810.42587945503,24810.426545002832,14339.881043257386,14339.881043257386,14339.881043257386,293.2270757206488,293.2270757206488,293.2270757206488,14046.653967536738,14046.653967536738,14046.653967536738,0.0,0.0,0.0,39150.307286465264
2012-12-16,24813.7297162218,38036.73924407797,53001.114353199555,24813.72926726394,24813.73011228119,21015.787214631582,21015.787214631582,21015.787214631582,293.2270757246715,293.2270757246715,293.2270757246715,20722.560138906912,20722.560138906912,20722.560138906912,0.0,0.0,0.0,45829.51693085338
2012-12-23,24817.033189235717,35359.99460388359,50342.56356293082,24817.032640544818,24817.03369317851,18265.939192830767,18265.939192830767,18265.939192830767,293.2270757221363,293.2270757221363,293.2270757221363,17972.71211710863,17972.71211710863,17972.71211710863,0.0,0.0,0.0,43082.97238206648
2012-12-30,24820.33666224964,25052.147250750888,40777.86967881817,24820.336006894384,24820.33726442056,8106.5802841416935,8106.5802841416935,8106.5802841416935,293.22707572293723,293.22707572293723,293.22707572293723,7813.353208418757,7813.353208418757,7813.353208418757,0.0,0.0,0.0,32926.916946391335
2013-01-06,24823.640135263562,14404.235673603851,29233.73872456335,24823.639363543265,24823.640854721583,-3248.1239591334033,-3248.1239591334033,-3248.1239591334033,293.2270757237382,293.2270757237382,293.2270757237382,-3541.3510348571417,-3541.3510348571417,-3541.3510348571417,0.0,0.0,0.0,21575.516176130157
2013-01-13,24826.94360827748,7466.148667070112,22288.183447847394,24826.942683191253,24826.94445181003,-9947.331136427782,-9947.331136427782,-9947.331136427782,293.2270757244248,293.2270757244248,293.2270757244248,-10240.558212152206,-10240.558212152206,-10240.558212152206,0.0,0.0,0.0,14879.6124718497
2013-01-20,24830.247081291403,8114.434273315392,23027.416874252594,24830.24606593177,24830.248029669245,-9363.998475435978,-9363.998475435978,-9363.998475435978,293.2270757218897,293.2270757218897,293.2270757218897,-9657.22555115787,-9657.22555115787,-9657.22555115787,0.0,0.0,0.0,15466.248605855426
2013-01-27,24833.550554305326,14175.192013461043,29189.201822483526,24833.54941004346,24833.5516157992,-2401.751586954687,-2401.751586954687,-2401.751586954687,293.22707571935456,293.22707571935456,293.22707571935456,-2694.9786626740415,-2694.9786626740415,-2694.9786626740415,0.0,0.0,0.0,22431.798967350638
2013-02-03,24836.854027319245,24153.781528663316,38788.59052248073,24836.85275617802,24836.855200416136,7324.659041957846,7324.659041957846,7324.659041957846,293.2270757200411,293.2270757200411,293.2270757200411,7031.431966237804,7031.431966237804,7031.431966237804,0.0,0.0,0.0,32161.51306927709
2013-02-10,24840.157500333167,31921.926405100978,46819.73158898832,24840.156105666043,24840.158786932272,14706.423732399258,14706.423732399258,14706.423732399258,293.22707572739995,293.22707572739995,293.22707572739995,14413.196656671858,14413.196656671858,14413.196656671858,0.0,0.0,0.0,39546.581232732424
2013-02-17,24843.46097334709,32512.85603971678,47453.83254969297,24843.459466309574,24843.462394172573,15389.943259163383,15389.943259163383,15389.943259163383,293.22707572486485,293.22707572486485,293.22707572486485,15096.716183438522,15096.716183438522,15096.716183438522,0.0,0.0,0.0,40233.404232510475
2013-02-24,24846.76444636101,26013.489020779783,40789.71936743718,24846.76282535923,24846.765994152658,8788.89231248959,8788.89231248959,8788.89231248959,293.2270757222154,293.2270757222154,293.2270757222154,8495.665236767378,8495.665236767378,8495.665236767378,0.0,0.0,0.0,33635.6567588506
2013-03-03,24850.06791937493,16507.06191786778,32000.640403239253,24850.06612438224,24850.06962154654,-612.8642404887069,-612.8642404887069,-612.8642404887069,293.22707572301624,293.22707572301624,293.22707572301624,-906.0913162117231,-906.0913162117231,-906.0913162117231,0.0,0.0,0.0,24237.203678886224
2013-03-10,24853.371392388857,11897.604231099034,26664.364753068323,24853.369427192105,24853.37323225439,-5948.785462508176,-5948.785462508176,-5948.785462508176,293.22707572048114,293.22707572048114,293.22707572048114,-6242.012538228658,-6242.012538228658,-6242.012538228658,0.0,0.0,0.0,18904.585929880683
2013-03-17,24856.674865402776,13881.87201770524,28690.953127027486,24856.67276255353,24856.67684655378,-3287.88121799511,-3287.88121799511,-3287.88121799511,293.22707572461826,293.22707572461826,293.22707572461826,-3581.1082937197284,-3581.1082937197284,-3581.1082937197284,0.0,0.0,0.0,21568.793647407667
2013-03-24,24859.9783384167,22834.585780906327,37061.120646707626,24859.976090431723,24859.98046065835,5077.087465645524,5077.087465645524,5077.087465645524,293.22707572196873,293.22707572196873,293.22707572196873,4783.860389923557,4783.860389923557,4783.860389923557,0.0,0.0,0.0,29937.065804062222
2013-03-31,24863.28181143062,29877.948590682186,44663.85180601797,24863.2793986549,24863.284108645326,12688.147737320147,12688.147737320147,12688.147737320147,293.2270757227697,293.2270757227697,293.2270757227697,12394.920661597376,12394.920661597376,12394.920661597376,0.0,0.0,0.0,37551.42954875077
2013-04-07,24866.58528444454,31543.428704420818,46282.60384528587,24866.582712099225,24866.587747432066,14472.077205367927,14472.077205367927,14472.077205367927,293.2270757235705,293.2270757235705,293.2270757235705,14178.850129644357,14178.850129644357,14178.850129644357,0.0,0.0,0.0,39338.662489812465
2013-04-14,24869.888757458462,28235.00474952789,43070.3743495069,24869.886048534347,24869.891351043283,10463.415470986627,10463.415470986627,10463.415470986627,293.22707572425725,293.22707572425725,293.22707572425725,10170.18839526237,10170.18839526237,10170.18839526237,0.0,0.0,0.0,35333.30422844509
2013-04-21,24873.192230472385,21813.782113578076,36376.541800200495,24873.18937690379,24873.194973041507,4509.043817255572,4509.043817255572,4509.043817255572,293.227075721722,293.227075721722,293.227075721722,4215.816741533849,4215.816741533849,4215.816741533849,0.0,0.0,0.0,29382.236047727958
2013-04-28,24876.495703486304,17460.902994862405,32330.158921967875,24876.492641445057,24876.498607757687,46.9003034327172,46.9003034327172,46.9003034327172,293.22707572252307,293.22707572252307,293.22707572252307,-246.3267722898058,-246.3267722898058,-246.3267722898058,0.0,0.0,0.0,24923.39600691902
2013-05-05,24879.799176500226,15217.925953036878,29786.545555861645,24879.79594759773,24879.802317446447,-2414.6642433172897,-2414.6642433172897,-2414.6642433172897,293.22707571998785,293.22707571998785,293.22707571998785,-2707.8913190372773,-2707.8913190372773,-2707.8913190372773,0.0,0.0,0.0,22465.134933182937
2013-05-12,24883.10264951415,12828.73356388986,27998.384013604453,24883.0992181483,24883.10596674103,-4164.1768118518885,-4164.1768118518885,-4164.1768118518885,293.2270757240106,293.2270757240106,293.2270757240106,-4457.403887575899,-4457.403887575899,-4457.403887575899,0.0,0.0,0.0,20718.92583766226
2013-05-19,24886.406122528067,11961.716349839196,26762.916680223017,24886.40249591636,24886.409639432815,-5821.8872435776175,-5821.8872435776175,-5821.8872435776175,293.2270757214755,293.2270757214755,293.2270757214755,-6115.114319299094,-6115.114319299094,-6115.114319299094,0.0,0.0,0.0,19064.51887895045
2013-05-26,24889.70959554199,10675.446664645415,25141.93540336131,24889.7057911449,24889.713331204286,-6728.442115240872,-6728.442115240872,-6728.442115240872,293.22707572549814,293.22707572549814,293.22707572549814,-7021.6691909663705,-7021.6691909663705,-7021.6691909663705,0.0,0.0,0.0,18161.267480301118
2013-06-02,24893.013068555912,10720.457954293546,25974.11272407163,24893.009074357287,24893.016940096255,-6399.993364307938,-6399.993364307938,-6399.993364307938,293.22707572284867,293.22707572284867,293.22707572284867,-6693.2204400307855,-6693.2204400307855,-6693.2204400307855,0.0,0.0,0.0,18493.019704247974
2013-06-09,24896.31654156983,11878.225633894808,26623.19571057506,24896.312380800107,24896.320550666518,-5609.048044595768,-5609.048044595768,-5609.048044595768,293.2270757203136,293.2270757203136,293.2270757203136,-5902.275120316081,-5902.275120316081,-5902.275120316081,0.0,0.0,0.0,19287.268496974062
2013-06-16,24899.620014583754,11853.789760558398,26844.749091589074,24899.615698609316,24899.624174992758,-5534.642661328709,-5534.642661328709,-5534.642661328709,293.2270757244505,293.2270757244505,293.2270757244505,-5827.869737053161,-5827.869737053161,-5827.869737053161,0.0,0.0,0.0,19364.977353255046
2013-06-23,24902.923487597676,10926.04591637058,26047.27111187254,24902.918948914998,24902.92787133977,-6257.980037797196,-6257.980037797196,-6257.980037797196,293.22707572180104,293.22707572180104,293.22707572180104,-6551.207113518998,-6551.207113518998,-6551.207113518998,0.0,0.0,0.0,18644.94344980048
2013-06-30,24906.2269606116,11107.73924573955,25762.314163021183,24906.222226983984,24906.23151864973,-6742.870092371945,-6742.870092371945,-6742.870092371945,293.227075722602,293.227075722602,293.227075722602,-7036.097168094548,-7036.097168094548,-7036.097168094548,0.0,0.0,0.0,18163.356868239654
2013-07-07,24909.53043362552,11025.066924486788,26244.817926707532,24909.52546410299,24909.535138837353,-6323.175797411895,-6323.175797411895,-6323.175797411895,293.22707572340295,293.22707572340295,293.22707572340295,-6616.402873135298,-6616.402873135298,-6616.402873135298,0.0,0.0,0.0,18586.354636213626
2013-07-14,24912.833906639444,11116.196914816977,26270.327999660723,24912.828757094598,24912.83877905502,-5638.26524046748,-5638.26524046748,-5638.26524046748,293.2270757242039,293.2270757242039,293.2270757242039,-5931.492316191684,-5931.492316191684,-5931.492316191684,0.0,0.0,0.0,19274.568666171963
2013-07-21,24916.137379653363,11471.884510774209,26968.377555946634,24916.132033664915,24916.1424781737,-5744.312651126467,-5744.312651126467,-5744.312651126467,293.2270757215545,293.2270757215545,293.2270757215545,-6037.539726848022,-6037.539726848022,-6037.539726848022,0.0,0.0,0.0,19171.824728526895
2013-07-28,24919.440852667285,11031.458525037819,25620.05409224609,24919.435227095993,24919.44620057241,-6648.542072598021,-6648.542072598021,-6648.542072598021,293.2270757223554,293.2270757223554,293.2270757223554,-6941.769148320376,-6941.769148320376,-6941.769148320376,0.0,0.0,0.0,18270.898780069263
2013-08-04,24922.744325681208,10012.547948861962,24710.469706282318,24922.738606964598,24922.749827725613,-7294.479624134471,-7294.479624134471,-7294.479624134471,293.22707571982033,293.22707571982033,293.22707571982033,-7587.7066998542905,-7587.7066998542905,-7587.7066998542905,0.0,0.0,0.0,17628.264701546737
2013-08-11,24926.047798695126,9811.89691209182,25754.168204436603,24926.041890491917,24926.053467774087,-7005.50770177832,-7005.50770177832,-7005.50770177832,293.22707572384303,293.22707572384303,293.22707572384303,-7298.734777502163,-7298.734777502163,-7298.734777502163,0.0,0.0,0.0,17920.540096916808
2013-08-18,24929.35127170905,11101.244210842004,26158.17238006615,24929.34507750565,24929.357164436035,-6357.800406074659,-6357.800406074659,-6357.800406074659,293.22707572130776,293.22707572130776,293.22707572130776,-6651.027481795966,-6651.027481795966,-6651.027481795966,0.0,0.0,0.0,18571.550865634388
2013-08-25,24932.65474472297,11563.313819853338,26177.591534907562,24932.648254947268,24932.660787359215,-6239.927461326116,-6239.927461326116,-6239.927461326116,293.22707572210885,293.22707572210885,293.22707572210885,-6533.154537048225,-6533.154537048225,-6533.154537048225,0.0,0.0,0.0,18692.727283396856
2013-09-01,24935.95821773689,10519.776676586214,25935.6194545676,24935.951484121575,24935.96445434288,-6433.926020652507,-6433.926020652507,-6433.926020652507,293.22707572290966,293.22707572290966,293.22707572290966,-6727.153096375417,-6727.153096375417,-6727.153096375417,0.0,0.0,0.0,18502.032197084383
2013-09-08,24939.261690750813,11983.522253731542,26813.74500369439,24939.25475648859,24939.268161619264,-5831.520666391183,-5831.520666391183,-5831.520666391183,293.227075723482,293.227075723482,293.227075723482,-6124.747742114665,-6124.747742114665,-6124.747742114665,0.0,0.0,0.0,19107.74102435963
2013-09-15,24942.565163764735,13250.103765906313,28155.727740964532,24942.558077160786,24942.571884397265,-4136.767995350488,-4136.767995350488,-4136.767995350488,293.22707572428294,293.22707572428294,293.22707572428294,-4429.99507107477,-4429.99507107477,-4429.99507107477,0.0,0.0,0.0,20805.797168414247
2013-09-22,24945.868636778654,14882.36023234177,29647.399502538174,24945.861265857522,24945.87555206984,-2608.9698016699517,-2608.9698016699517,-2608.9698016699517,293.22707572508386,293.22707572508386,293.22707572508386,-2902.1968773950357,-2902.1968773950357,-2902.1968773950357,0.0,0.0,0.0,22336.898835108703
2013-09-29,24949.172109792577,15202.10318430778,29559.11538970744,24949.16450085824,24949.179235724623,-2425.471997108941,-2425.471997108941,-2425.471997108941,293.22707572243445,293.22707572243445,293.22707572243445,-2718.6990728313754,-2718.6990728313754,-2718.6990728313754,0.0,0.0,0.0,22523.700112683637
2013-10-06,24952.4755828065,14779.756976698387,30234.591082232335,24952.467747030165,24952.482875370995,-2590.6274662975993,-2590.6274662975993,-2590.6274662975993,293.22707572657146,293.22707572657146,293.22707572657146,-2883.8545420241708,-2883.8545420241708,-2883.8545420241708,0.0,0.0,0.0,22361.8481165089
2013-10-13,24955.779055820418,16596.78777581651,31903.24551026292,24955.770971897095,24955.786562598045,-523.1924027829405,-523.1924027829405,-523.1924027829405,293.22707572403635,293.22707572403635,293.22707572403635,-816.4194785069767,-816.4194785069767,-816.4194785069767,0.0,0.0,0.0,24432.586653037477
2013-10-20,24959.082528834344,21192.84049044516,37273.939875331555,24959.074159570417,24959.090227218414,4617.195712886432,4617.195712886432,4617.195712886432,293.2270757213869,293.2270757213869,293.2270757213869,4323.968637165046,4323.968637165046,4323.968637165046,0.0,0.0,0.0,29576.278241720778
